{
  "total_requests": 120,
  "ok": 120,
  "not_found": 0,
  "client_errors": 0,
  "server_errors": 0,
  "server_error_rate": 0.0,
  "p50_ms": 14.885541997500695,
  "p95_ms": 24.428000004263595,
  "p99_ms": 27.42845899774693,
  "duration_s": 30,
  "rate": 4.0,
  "achieved_qps": 4.0,
  "error_samples": []
}