{
  "total_requests": 120,
  "errors": 0,
  "error_rate": 0.0,
  "p50_ms": 2.0447710003281827,
  "p95_ms": 3.487999998469604,
  "p99_ms": 3.90766700002132,
  "duration_s": 30,
  "rate": 4.0,
  "achieved_qps": 4.0,
  "error_samples": []
}