{
  "insert": {
    "rows_inserted": 100000,
    "elapsed_s": 2.5272680000052787,
    "throughput": 39568.41933652906
  },
  "read": {
    "queries": 1000,
    "p50_ms": 0.045999971916899085,
    "p95_ms": 0.08412500028498471,
    "p99_ms": 0.11245798668824136,
    "max_ms": 9.137707995250821
  },
  "rows": 100000
}