{
  "insert": {
    "rows_inserted": 100000,
    "elapsed_s": 0.9805125420007244,
    "throughput": 101987.47666802014
  },
  "read": {
    "queries": 1000,
    "p50_ms": 0.04783400072483346,
    "p95_ms": 0.0904160006029997,
    "p99_ms": 0.12116699872422032,
    "max_ms": 16.64866699866252
  },
  "rows": 100000
}