{
  "insert": {
    "rows_inserted": 10000,
    "elapsed_s": 0.057752584005356766,
    "throughput": 173152.42551004235
  },
  "read": {
    "queries": 1000,
    "p50_ms": 2.6033750036731362,
    "p95_ms": 3.4777500040945597,
    "p99_ms": 6.843041999673005,
    "max_ms": 28.091042004234623
  },
  "rows": 10000
}