{
  "insert": {
    "rows_inserted": 100000,
    "elapsed_s": 1.40007337499992,
    "throughput": 71424.82800232217
  },
  "read": {
    "queries": 1000,
    "p50_ms": 0.04995899507775903,
    "p95_ms": 0.10295800166204572,
    "p99_ms": 0.1316250127274543,
    "max_ms": 15.069332992425188
  },
  "rows": 100000
}